bottle,fill_level_grams-red,fill_level_grams-blue,fill_level_grams-green,vibration-index-red,vibration-index-blue,vibration-index-green,final_weight
489,144.4300928448828,661.179557858631,230.02841276433645,100.73701300982864,195.59585606861077,151.24988660210894,44.12093795247811
490,133.8057961132806,641.5190439063645,215.11357836972826,105.41855376627736,198.45148804084883,150.1012442074334,45.19964507847696
491,123.51426868451637,621.2198634165533,199.78735251075364,105.98296898277381,205.62540868987023,159.29740729996328,45.91693377755002
492,113.6052098434756,601.4473271986429,185.26339483710336,101.56530828417179,200.59305335055254,145.1954820698654,44.20555273260138
493,104.29739421237805,581.6446032411277,170.35552788788212,93.10185027261005,199.16132889987534,151.35055003110904,44.018406537834096
494,94.32877075367227,562.0355693200449,155.44378881146028,105.19526999148066,197.81748027420764,152.92275969423488,44.48939645621034
495,84.63578517518302,542.2973087943697,140.09270316957674,99.36615309700845,197.23872226135475,155.78535136522353,44.78233174604806
496,74.40166795600388,523.0065813088274,125.00855039448682,106.2997558897196,192.28439800946748,155.28842981111015,44.60899747981132
497,64.88854662412425,503.3067776425541,109.60075307504326,100.8786137385906,200.0204910153815,155.77945838168432,44.620722317596545
498,54.91398660563196,483.25621852753443,94.7206889896182,102.75983209536138,198.06032658448274,154.06854468528863,44.905183218937026
499,44.66396307326863,463.9237112827081,79.65340548076303,106.12116630526805,195.5109469624363,156.74854639680964,44.649814286044816
500,35.5174933659175,443.42150618417304,64.85905293966655,92.2514957540162,206.4705660371451,153.00289528746686,44.44302734698268
501,25.644434265355166,423.60887687867694,49.662118536399454,104.89992256031243,199.27776083455007,155.8723465187217,44.882622809325525
502,15.8317465058561,403.4115446425218,34.83330224520785,104.11066438589923,206.57107022171806,152.6532404699996,44.83883628684582
503,5.824498609172586,383.5669578937969,20.002830977810067,105.18099052116436,202.43503974767435,152.6268591867962,44.6823059128062
504,0.0,363.59848543307487,4.746227845144446,2.046883228250465,199.93049649374993,154.61067013050769,35.2250755933876
505,0.0,343.415599430651,0.0,5.285509051876716,204.9463051734938,1.4101895961884665,20.182886002423842
506,0.0,323.86781131121126,0.0,3.641016828947336,199.0583571508812,1.9650559532965701,19.54778811943976
507,0.0,304.12018676913453,0.0,4.122371371155737,200.1296325138726,6.140296068614127,19.747624542076732
508,0.0,283.54053886663854,0.0,1.663482417951485,205.95425770596992,6.8616944271539,20.579647902495985
509,0.0,263.50863693142963,0.0,1.4731570480035145,204.28945392205537,2.5503338008775174,20.031901935208886
510,0.0,243.6020901280187,0.0,2.758699646237872,202.81889316859704,3.3988563869519908,19.906546803410947
511,0.0,223.6014566637131,0.0,5.735079923401798,202.94327509971973,2.3047942693491734,20.00063346430559
512,0.0,203.48866744631403,0.0,2.266985542219359,202.5846878637013,7.259376186544976,20.112789217399076
513,0.0,183.15952987248713,0.0,5.647207268049883,204.0042191913995,3.8389864366975957,20.329137573826902
514,0.0,163.198786736066,0.0,2.8566920053419977,204.84126416119793,4.227840512924978,19.960743136421105
515,0.0,143.38324968679615,0.0,0.38580922429273556,201.73696209450353,6.285670549827934,19.81553704926987
516,0.0,122.9667432078623,0.0,5.004026589130532,206.18971381396798,3.5888917574726165,20.416506478933858
517,0.0,102.64839447437097,0.0,5.507595553263961,207.9616107807028,5.310994515908,20.318348733491316
518,0.0,82.97340496273543,0.0,3.936680474665458,198.94722724509674,2.455780138445448,19.674989511635545
519,0.0,62.53097462722816,0.0,2.576449031141159,210.15131902745418,4.135053008799886,20.442430335507265
520,0.0,42.42893460349203,0.0,4.1491505660524695,207.28412391548315,4.121250636094189,20.10204002373613
521,789.9219552091515,23.026736600936037,0.0,102.47176325498317,196.12964561879815,2.123085053711833,29.480242793404443
522,780.0827230350618,2.9875487573191997,0.0,93.93501037377582,203.7653162922749,2.1002962787456383,29.878420017706592
523,770.3756147146105,0.0,0.0,100.33324702140435,2.218865729124431,6.836592130572939,9.707108320451338
524,760.3200036140415,0.0,0.0,103.9767032331021,4.022683833844489,7.295462662347028,10.05561110056899
525,750.7900197107163,0.0,0.0,96.66894301748803,3.3504479895845662,6.535479839584347,9.52998390332533
526,741.2968730164963,0.0,0.0,96.3586307259252,6.148580527053177,5.759764206876611,9.493146694219963
527,731.6226383904535,0.0,0.0,101.96906397381169,4.494956286234178,4.626300054564155,9.674234626042818
528,721.9200632858912,0.0,0.0,98.0030245661382,1.5672964237697542,-0.06598903663790168,9.702575104562323
529,712.4404458584755,0.0,0.0,94.09107476228434,2.8514251853266828,5.049274960302526,9.479617427415612
530,702.4781822134719,0.0,0.0,96.71920658405611,3.2916180785426903,2.747696441647598,9.96226364500364
531,692.4733941884374,0.0,0.0,99.61787860096621,5.440975729252408,4.0711271422407265,10.004788025034433
532,682.4842047256071,0.0,0.0,103.41000102578843,0.8907232403676062,2.9051709624540862,9.9891894628303
533,672.2304094141028,0.0,0.0,106.17931829057538,5.192909005415743,3.7657408803077246,10.253795311504282
534,662.315176143583,0.0,0.0,96.6527558459902,4.50845096462357,5.715557835055719,9.915233270519833
535,652.3011198443714,0.0,0.0,100.23382694692296,2.477440803813195,2.5007436586458383,10.014056299211592
536,642.3233942381892,0.0,0.0,99.41529175839969,6.023651181747432,2.3384160727284637,9.97772560618223
537,632.2065657903647,0.0,0.0,100.79024496545856,3.7427453582385226,0.9419101226035593,10.116828447824489
538,622.1851352441572,0.0,0.0,102.80600080692685,6.242937250751112,3.154634823657865,10.021430546207496
539,612.4572883749239,0.0,0.0,97.10246909067307,2.8437652255622865,2.6767690447929198,9.72784686923327
540,602.2249213043866,0.0,0.0,103.35290789138044,2.4790660012564345,5.542139715993443,10.232367070537249
541,591.8967749055792,0.0,0.0,103.66007047972062,4.703727147349021,6.3633643301020015,10.328146398807428
542,581.5362307046732,0.0,0.0,102.79067080288303,3.041450179167086,4.777646559014258,10.360544200905878
543,571.7573664626558,0.0,0.0,96.34749450320534,6.169088588533079,4.278365567817545,9.778864242017447
544,561.6346366156644,0.0,0.0,99.8771728124766,4.824058038696023,4.515573835016383,10.122729846991435
545,551.6466404780215,0.0,0.0,99.30297605417488,3.2932224053679136,4.965037036830601,9.987996137642854
546,541.1430280175578,0.0,0.0,106.32571733465619,7.226485442511752,1.494361154091905,10.503612460463724
547,530.5404713749173,800.0,0.0,107.76953530837653,2.005759030671392,4.1726188707540075,10.602556642640518
548,520.872096186559,779.9099454180251,0.0,98.63501213484534,200.31616377212714,4.773764442392903,29.75842977033318
549,511.18625816511565,760.2127481016364,0.0,101.71027190033504,199.76508492123642,3.9522886705439007,29.38303533783215
550,500.8763884634386,740.627500217145,0.0,106.65211967774695,194.73154686488675,4.531892238011835,29.895117586168453
551,490.3540369273096,720.2817231561555,0.0,108.22396136694705,201.74480135344626,4.217318776737322,30.868128597118503
552,480.2305122249496,700.7013730941286,0.0,100.00320604698226,193.96048806672198,2.254781715180684,29.70387476438694
553,470.4368867346288,680.3356309523941,0.0,99.78510293448234,201.66579771476077,5.092186666953793,30.159367632055286
554,459.78122138324113,660.6191270494762,0.0,105.20248986096617,196.98328362297778,6.6636031753730265,30.37216925430551
555,449.7549273680963,640.9188959935027,0.0,102.93052001485775,195.65142086828158,3.749394339324816,29.726525071118374
556,440.02367116112896,620.8138609843905,0.0,99.04539257439387,202.41449564929331,1.7318997508561864,29.836291216079516
557,430.2316308105558,601.2799471317298,0.0,96.30376903253403,198.2206993942277,5.146397770503263,29.32595420323385
558,420.15730324102844,580.9517221812911,0.0,105.32813113674999,207.61502847918393,3.1016458548381536,30.402552519966218
559,410.44429083583816,560.8838171705193,0.0,100.95993586355381,202.44760182487505,4.169657117459472,29.780917415962115
560,400.2002585986801,541.4678641949629,0.0,105.03057289681782,194.78518240929327,6.750971871012105,29.65998521271443
561,390.5038592873642,521.3714160441388,0.0,97.81527506216622,199.81071722413637,6.08664524320551,29.79284746214001
562,380.6446182270547,501.7181938672428,0.0,100.53302486703893,199.61335165030866,2.4118794060052835,29.512463237205445
563,370.4720171547211,481.5538176579859,0.0,107.18591242221808,203.4458898692272,2.7846295624432784,30.33697728159055
564,360.72099843734117,461.4221481133594,0.0,100.98871498391,198.79887429568814,4.495456955931388,29.882688262006447
565,351.1332499848246,441.4690760213854,0.0,100.00189353717407,201.92578231816353,4.2483654454606565,29.54082054449065
566,341.04483935614627,421.1874243436363,0.0,108.10140356806215,200.42402541521267,4.455236576225168,30.37006230642746
567,331.0497511858517,401.2343226782139,0.0,100.47527767536293,199.8492014727915,4.251003681178453,29.948189835716963
568,320.6930883899345,381.23032726055965,0.0,108.51955907702052,202.62834936015054,0.9502749752152369,30.36065821357147
569,310.686716362648,360.6665596761802,0.0,102.20470460853157,203.73605470927035,2.146396430688398,30.57013961166589
570,300.09413757499675,340.63525401025424,0.0,108.0412879117679,198.73347266303657,5.367447300097929,30.62388445357716
571,290.3941750775802,320.3927975943508,0.0,97.94779248203326,202.42206010018384,3.824363243916231,29.94241891332003
572,280.4207205477959,300.29458619178075,0.0,101.42373841253823,204.73057186156413,2.993032895383209,30.071665932354314
573,271.1886285851276,280.2414958708921,0.0,94.37420520699888,204.23700256093318,1.4432836623773966,29.2851822835569
574,260.7477373395536,260.5996489450967,784.7765583297072,108.46291555249631,198.68499212196036,152.70810659210915,45.3061798416622
575,250.62204732200564,240.62542272934553,769.6545646499111,102.6593289752674,203.79044295454727,149.47991782987776,45.22190991309523
576,240.57869654158247,220.4607722877181,754.6600832577838,104.53422984921765,201.27114499663082,152.3583385851895,45.20248261417798
577,230.81217724056526,200.70862922830509,739.8663381841254,101.81138280975881,202.7921964683572,151.12405681579375,44.312407434088556
578,220.62568059257072,180.83992139379137,725.1024453438848,105.07216791203822,201.21468987627875,149.87075496421988,44.81909732274889
579,210.42842658553357,161.13274270785467,710.1494762270968,108.55859608677665,200.2575295015779,152.23611249569987,44.857401809761896
580,200.7166717346052,141.27312376143743,694.9700975719201,103.32271430389592,201.4260278612061,153.8177708251618,44.75075245252228
581,190.71822916845403,121.42279823812137,679.8379284608304,100.92639741032245,197.04229444767782,151.61013903432183,44.98093720055692
582,180.54273034917344,101.5604965786622,665.2134288250169,105.80967974579707,200.7949718678627,145.81925269202344,44.66230011455327
583,169.83585252700433,81.60262408009727,649.9550952815181,113.06688680213018,201.6686812615649,155.53100857209108,45.923083864232794
584,159.97902634258287,61.65169159893381,634.9047783564046,102.86826515357252,203.08315350809045,152.1290687057725,44.85807559069842
585,150.31150990307796,41.49048507248344,619.9133408949041,100.77680572597295,204.99581224327292,153.93219846247132,44.82016042745575
586,139.98555000877477,21.656395062292123,605.1425773524063,103.41524082866324,204.42807490602394,149.62549754218688,44.930813446992346
587,130.33460933970827,1.6379407241735713,589.584036823304,101.60444664035866,206.63937066166483,156.5614523562898,45.227935536287376
588,120.50605611011332,0.0,574.1981414586937,100.91871451513964,3.3149966803791173,150.94874711798587,25.214448594205212
589,110.75397314823282,0.0,558.7135952205058,98.39435196691043,6.118121914678099,154.63064221109758,25.236629200068386
590,101.02075579058884,0.0,543.1204665490508,104.18074639873753,4.724019427993802,155.6826969860234,25.32634602909897
591,91.0856553913064,0.0,527.988696165552,101.16721960805982,4.6317815403212705,152.62767028662353,25.066870782781198
592,80.75252322990956,0.0,512.6501353781537,105.78836821107186,4.214223932742506,154.2987418739779,25.67169294879523
593,70.92426920009805,0.0,497.5317094553231,101.42828270406072,3.2718345300737113,154.14985239464843,24.946679952642057
594,60.82549241212236,0.0,483.0849100913034,104.18376407052013,3.1308440245681055,145.71716256936168,24.545576151995355
595,50.65361028666244,0.0,468.1727610359771,109.03617963234625,0.7756117830622173,152.97676583192043,25.084031180786248
596,40.86725426583851,0.0,452.7879010841792,102.49027674954708,5.067888676253247,154.0185684278898,25.17121597262178
597,30.35190915069293,0.0,437.3504971132763,111.03490145186248,4.725029555861639,157.71234164303075,25.952749086048552
598,20.49956551473636,0.0,422.0032922640222,102.40967059365546,2.3627503377377863,155.82209989126378,25.19954848521062
599,10.410470376070357,0.0,407.45899344539345,106.28327997331486,6.15205895195443,153.43306313045525,24.63339395729478
600,0.4851578046869687,0.0,392.34437175430776,104.7442855007708,3.0955420387764363,154.74037636980307,25.03993426246906
601,0.0,0.0,377.3966674443053,4.9163603434572,3.844257101261043,148.50739615434293,14.947704310002454
602,0.0,0.0,362.76557953722113,4.428935312522661,3.8071069960356,148.08626924944275,14.631087907084186
603,0.0,0.0,347.78451021131104,6.106685223890388,5.209878267078636,151.20618270788478,14.981069325910056
604,0.0,0.0,332.7122434089218,2.032845719611309,4.701337828607393,153.7309777736653,15.072266802389251
605,0.0,0.0,317.5506439970705,6.066551853997723,5.7595895101192625,151.9940640773396,15.161599411851267
606,0.0,0.0,302.74459577651845,3.1341995991535043,8.91147914931642,150.09167093043845,14.80604822055203
607,0.0,0.0,287.86918401684034,0.6044102055821838,3.7261578992314526,151.4767544065201,14.875411759678133
608,0.0,0.0,272.62392814500816,6.772992155287476,3.2952312586195447,154.5718319528765,15.245255871832164
609,0.0,0.0,257.43142801009117,3.3551106939874487,4.582531103254823,155.92138008185327,15.192500134916976
610,0.0,0.0,242.08130574104652,5.727971998846755,4.011411525115662,155.41968713608,15.350122269044641
611,0.0,0.0,226.74843636898157,2.179370159633514,6.0745082168983515,153.90650961018972,15.332869372064952
612,0.0,800.0,211.52424922948745,7.533958967006697,-1.347852997962974,159.07842441797007,15.224187139494132
613,0.0,780.0401121863555,196.04411436892457,5.043069813697656,201.8115823707061,160.06819285795814,35.4400226742074
614,0.0,760.1326908231802,180.86538308050723,4.923814684894367,199.51983658096367,154.73744874585114,35.08615265159264
615,0.0,739.8577864966464,166.11370788053304,4.890204606034324,206.11547801742384,148.9258503842314,35.02657952650788
616,0.0,720.3987516462389,150.99442017774828,6.660047534817323,193.79284227584353,154.35117357693684,34.578322553192265
617,0.0,700.0680169631587,135.94041016635813,3.731435529481196,202.0296876256806,152.41635845909389,35.384744694470356
618,0.0,680.1411479599815,120.79389499326989,5.164621759598397,199.30423572755964,154.95100689044725,35.073384176265485
619,0.0,660.788883827279,106.09585577729507,5.41710218976381,197.40099972598958,148.23488142376013,34.05030334867723
620,0.0,640.9887373350297,91.32429071243251,5.826762595187255,196.5522163842301,150.28313794817467,34.5717115571119
621,0.0,621.20752728953,76.24631520568539,6.360922591996172,200.91663577667828,156.8756119826523,34.85918555224677
622,0.0,601.2230235280441,61.53441132570221,6.214322483198494,202.89594785470752,155.49948602696537,34.696407641469136
623,0.0,581.4999623810235,47.01609773755091,2.411842508752848,194.75503115271061,147.9528846591929,34.241374735171945
624,0.0,562.0365237373112,32.17467109292536,5.3752977899052965,195.25066240016253,151.70475966855832,34.30486528833787
625,0.0,541.9372548789927,16.961465668603424,5.309792542421903,204.50669314768302,155.56474649782416,35.31247428264043
626,0.0,522.3364282307361,1.7650079094152513,1.0224116685313618,197.33852063127196,156.65109492192343,34.797284407444664
627,0.0,502.15413801526444,0.0,5.29724090109341,204.6062095008193,3.3856700996241997,20.18229021547172
628,0.0,482.34977026109675,0.0,3.09340276577219,197.27272874903258,2.102728823012292,19.804367754167696
629,0.0,462.3864223807563,0.0,3.9048981853692126,202.23357460036573,1.9042634348905167,19.96334788034043
630,0.0,442.3355508701288,0.0,3.648125235485736,203.53752988241348,5.656497536524398,20.050871510627474
631,0.0,422.02002528773494,0.0,4.800102492845284,206.905430182159,7.169715396049298,20.315525582393896
632,0.0,402.19527592854905,0.0,4.387117063916264,200.39573807454272,5.665581358463008,19.824749359185898
633,0.0,382.52353587002636,0.0,1.6869773647639477,197.50244451194695,2.7210359960178536,19.671740058522666
634,0.0,362.13959633479476,0.0,2.5579950857775984,209.49409461906748,5.066568562081677,20.383939535231587
635,0.0,342.54507419984975,0.0,3.1431137478342777,197.19508859688062,8.293098906787392,19.59452213494501
636,0.0,322.5727318178971,0.0,3.733014691528794,202.85985180357466,4.989824641846575,19.972342381952647
637,0.0,302.31837709779813,0.0,6.924135699058276,208.8205472540224,4.5275053535021215,20.25435472009893
638,0.0,282.654566351841,0.0,3.9805800765851203,199.77033545515496,2.631622132702482,19.663810745957118
639,0.0,262.6690521617975,0.0,5.002607431215836,203.7185363146297,4.680545415765714,19.98551419004353
640,0.0,243.24586004093965,0.0,7.716562922611018,201.1943295319511,5.506625962180301,19.42319212085783
641,0.0,223.1172929445117,0.0,5.413770857815749,204.059065841316,3.85629832695939,20.128567096427957
642,0.0,203.0792446405825,0.0,3.654812194172031,204.36890228365047,4.093807060855326,20.0380483039292
643,800.0,183.22975416450484,0.0,0.7777768633767934,202.18832704144648,4.7023199286698585,19.849490476077644
644,789.8644749737028,163.07251354797626,0.0,103.43672348040572,205.4715774352705,5.504992414817856,30.292765642825742
645,780.2271053877196,143.41282147157372,0.0,96.46884923808524,201.12583203304558,5.344490389977771,29.297061662385808
646,770.8050589654979,123.66658636436581,0.0,98.91335592084147,199.67585658105367,4.725305801755553,29.168281529429603
647,761.2355745337046,103.7087083923218,0.0,93.50914215411882,203.5544814625452,7.78713074949323,29.527362403837337
648,751.4287420380982,84.1666656234049,0.0,100.16492635201656,193.29414417327294,7.968641844363887,29.348875264523297
649,741.3794138608577,64.05340947301268,0.0,104.93813037522192,208.0688371188291,7.151320235599002,30.162584327632796
650,731.4526564430189,43.58898233286422,0.0,100.16976174484928,210.63607686666643,6.697272285303768,30.391184557987174
651,721.6050053079821,23.272082748368646,0.0,100.08545201497978,209.56330541850565,3.2378015192852843,30.16455071953242
652,711.6050283643385,3.1905435195110634,0.0,100.91156971307966,205.69005388131544,5.556157329195784,30.081516172501132
653,701.85813276155,0.0,0.0,95.7172039222785,3.924400338499396,3.65743312947005,9.746895602788507
654,691.7040112447623,0.0,0.0,104.79801276463262,6.850606035538668,2.050972944509546,10.154121516787711
655,682.0318365241393,0.0,0.0,99.71008372973301,3.04567560878089,5.0040710756489375,9.672174720623003
656,671.8865090097336,0.0,0.0,102.27626504480043,1.8347973492780199,0.943435510737217,10.145327514405679
657,661.9779821573471,0.0,0.0,99.04503978831897,3.690437835175146,2.988539837614084,9.908526852386498
658,651.7012709114784,0.0,0.0,102.02251586261426,0.14474905761053947,5.52756410617954,10.276711245868666
659,641.6239730941231,0.0,0.0,100.21810443864882,3.722383513405532,2.3447826015707633,10.077297817355323
660,631.6125146663222,0.0,0.0,102.86422897724617,2.5862902324377544,2.2772866929025355,10.01145842780095
661,621.6030618501774,0.0,0.0,101.18642049079303,5.547715597977287,3.536013473469275,10.009452816144897
662,611.1621349272142,0.0,0.0,105.86630544460071,4.055526406005832,0.7128316216741695,10.440926922963168
663,601.0265466118008,0.0,0.0,104.6781215266041,7.153415820430048,5.418938834076741,10.135588315413415
664,590.927469647188,0.0,0.0,104.0157488111914,1.8305279151072753,6.033108496528243,10.099076964612761
665,580.7342038625726,0.0,0.0,101.25596588433753,1.5175008598310313,6.7219223689339245,10.193265784615338
666,570.1388701721038,0.0,0.0,108.68021140250764,3.2723826048657827,5.014268427599056,10.595333690468772
667,560.5454919058352,0.0,0.0,98.15496596178731,2.815621890442138,4.090862949970536,9.593378266268564
668,550.514517679157,0.0,0.0,101.58207619220734,5.18987303871706,1.7434201477256792,10.030974226678158
669,540.4928689571262,0.0,0.0,99.93841480166029,5.356354589911362,6.6299875278610685,10.021648722030783
670,530.274388422979,0.0,0.0,107.37570733969538,1.7546644429062184,6.740540530558285,10.218480534147266
671,520.0864469780003,0.0,800.0,105.12354190936114,6.63860756659011,2.4759076660420902,10.187941444978774
672,510.0740604484422,0.0,784.9818953294257,100.53212421568092,4.323928706612378,151.7174382221324,25.03049120013241
673,500.3286935250787,0.0,770.0323569548101,98.40702634158674,4.8090786055325765,151.29738423051458,24.694905297979133
674,489.7272013745274,0.0,755.316964587358,110.25735713748264,4.652633552917571,149.58329564292615,25.316884518003306
675,479.68692979659573,0.0,740.1460634473603,103.35266312740174,2.8606777789195235,154.8605631630791,25.21117271792939
676,469.411957409012,0.0,725.2285512067896,104.94459756881372,6.161656940967774,150.93667034338222,25.19248462815453
677,459.50285415848816,0.0,709.6734548454847,103.75239765390756,4.7496671043865675,155.5902422883387,25.464199611828782
678,449.54450398094025,0.0,694.6970277584442,101.25900472206513,3.0921113625342116,155.25698018918425,24.93477726458844
679,439.7237001050973,0.0,679.1085198750877,101.17829948627521,4.240827903922437,156.58824296487902,25.409311759199362
680,430.03671561264713,0.0,664.1613477402489,99.90475692257333,1.38358259675217,151.15176577023152,24.6341566272891
681,419.86539554301214,0.0,649.4706911545743,101.92916095316163,6.8986807386903095,144.90557802024674,24.861976655309498
682,410.0616435325563,0.0,633.9303395940403,97.53322274413796,5.739103697360143,155.50935957310284,25.34410357098989
683,400.385002493211,0.0,619.4056260983778,95.21895289701719,5.86845913738302,145.18494947573984,24.201354535007837
684,390.66823311552383,0.0,604.23635109782,96.78499862904752,4.517015781377246,150.7390317054481,24.88604437824487
685,379.84575707017467,0.0,588.8969981426436,107.97221024798077,5.200915049878503,153.31144212427674,26.161829000525586
686,369.69515659796514,0.0,573.8214785956427,103.08505061627008,4.026932819406191,151.32946093633288,25.226120019210477
687,359.8135912778852,0.0,558.8075706028461,103.11615467339661,5.305628494729554,151.81885395826782,24.895473312876568
688,349.9338942091074,0.0,543.697103863714,105.26978636332657,4.297568193930864,153.17196111060943,24.990163807909994
689,339.6565569086713,0.0,528.9724147502187,105.738866923653,3.8877491423881807,146.23076555382855,25.002026413931347
690,329.9784484584966,0.0,513.7612262963049,104.94022014112811,3.257281631381531,151.7855067641441,24.889296904088482
691,319.48831715533186,0.0,498.9199916489059,106.71439975300342,5.428377289999375,148.96303798815762,25.331365950563736
692,309.25923069545195,0.0,484.2939681905816,104.16651922626433,8.050592848319027,152.33472893181573,24.855109918204256
693,299.37667633871615,0.0,469.31060546348135,103.67711026919378,5.4199033669706935,149.91228737240132,24.86591708383602
694,288.9662548810956,0.0,454.2704424019732,107.59036139337844,2.1297757386793563,153.02582932683853,25.45058451912874
695,278.9812498649223,0.0,439.0620857219094,104.27880206344446,4.678749199730639,153.6507427083949,25.193361696237133
696,269.09497775289253,0.0,424.0849417727292,102.60366402381273,5.17550893969031,150.4254361659938,24.863416061209918
697,259.38359457866864,0.0,409.12916201352095,100.39256025841294,5.64873957715826,153.53036749603578,24.667162933432166
698,248.9755820899535,0.0,394.79511039740055,108.79303614952066,3.300432819782955,141.89476835466502,24.74206410483552
699,238.99838608006712,0.0,379.0406352404161,100.89339628237445,6.220939618103706,162.1834226723484,25.731671166870786
700,229.18059231553582,0.0,364.15760277935215,99.35775189207043,7.503129584641883,154.99474719153662,24.70082622559528
701,219.4838570060129,0.0,349.48264899944166,98.06288611992196,4.7819859040874135,150.56239309209883,24.371689089433417
702,209.87791295401723,800.0,334.2058296398733,101.48564576702702,2.209096197507833,153.91248653756122,24.882763411564035
703,199.98730425226597,780.073059996455,319.21497340122835,101.09613006487561,200.2888598081463,156.85276423545093,44.80840494394123
704,189.80073233071124,760.1113026271153,304.1397802612293,102.04684586179775,200.1578326088758,153.86048668693653,45.223522430893425
705,179.84259970381078,739.976624825161,289.6784202127772,100.54539032964523,198.15755734074503,146.77958303449114,44.55417047730677
706,169.8220756041417,719.8675094957384,274.79388373123766,105.61084913506824,203.4961700422811,150.42574197550005,45.01417591063118
707,160.17265809548115,699.2979427906147,259.72987827214905,100.42278996334936,207.1797628533279,153.37112085808332,45.28298967287293
708,150.3121797775109,679.0752847133159,244.27018755266425,101.58860819131647,203.41999375046473,158.90585982343356,45.54282711475387
709,140.05695937857905,659.3379545637873,229.3809364594092,106.67743929198377,196.35485999706572,154.49824889725338,44.88180164171549
710,130.1854642973684,639.058384544277,214.2149115641615,102.27834720824832,205.95443129679109,153.46960630415836,45.317089995968686
711,120.5599732472672,618.7472711767543,199.4026049860302,100.69740857288598,202.5522145576318,154.88173201539794,44.74891099575522
712,110.93295927574881,599.1098045645087,184.2592847499127,99.7222831102639,197.87457911123164,155.496824905607,44.40780081988147
713,101.2509047958147,579.431126549688,169.61084371918255,101.92202868768294,200.46238757876117,150.02423500972657,44.00917352548497
714,91.6229095637132,559.1641450114339,154.78458453642045,100.87770801925829,204.20878117365484,154.96407574778692,44.72123595311763
715,81.05831604971047,539.2649241458605,139.74945687607848,108.35496058902748,201.18554593635048,156.87757158006715,45.49894203991808
716,71.70317538770749,519.6611977456125,124.33529034831429,99.7134120942171,195.57150330198817,159.0611177270605,44.37303359001521
717,61.88139449899936,499.75007542296856,109.29171468757377,104.06426841915027,202.83027361478824,154.5591045850377,44.77647887209258
718,51.68716323368495,480.04714720853957,94.1895481056772,108.2588823059425,196.85898089473164,157.83064143759702,44.99932606163999
719,41.694874976146075,459.72869205976565,79.60020074708349,102.1310782626969,208.43003295509462,148.49571268112354,44.9000907649065
720,31.12826344296806,439.84685031485606,64.3664004648195,110.99399409114619,197.8828004435266,154.3083982872314,45.68225356035161
721,21.123185534927096,419.8411479485137,49.36723364266168,104.78154474879717,202.58551139557113,152.83193056660204,45.009947096541126
722,10.726371087271227,399.6421963793308,34.343466702048524,105.71647543072896,203.93166361325203,155.0078881464451,45.61953295745191
723,0.5620666259858194,379.4698788277185,19.354403611455048,107.4861404154927,204.40185945788994,154.00016322989788,45.32568510349117
724,0.0,359.4410788804029,4.715356591950675,6.550210107359582,203.2555271948152,150.18396961332596,34.66784696681994
725,0.0,339.44190198772577,0.0,4.3398090745015026,201.85219079482212,6.274096571275578,19.99917689267718
726,0.0,319.6044142805258,0.0,4.876908632561374,203.22600794211576,3.187418955568596,19.83748770719996
727,0.0,299.6422641436379,0.0,6.624053889690337,209.44784233595516,3.663896954821638,19.962150136887924
728,0.0,279.62569951167865,0.0,3.9457539292810964,204.79001548099816,4.522016610572777,20.016564631959238
729,0.0,260.39567071843635,0.0,6.897045514357281,195.74497258990652,6.916425099022355,19.23002879324228
730,0.0,239.73075088789622,0.0,5.140894222650594,211.75747213912803,4.3843760110653776,20.664919830540132
731,0.0,219.97053365593476,0.0,3.6754338084793545,200.39228161458357,3.2708125446633787,19.760217231961455
732,0.0,200.33144332358262,0.0,6.264511557218562,199.554924133992,8.720262097330163,19.639090332352136
733,0.0,180.4456885277178,0.0,5.219856622876989,203.01575439144176,2.0841947082958043,19.88575479586481
734,0.0,160.52536743284847,0.0,3.7345044266447758,204.4841180648796,2.5105707087386335,19.920321094869347
735,0.0,140.2490757435501,0.0,6.30777687058265,201.80168769015566,5.412141612000191,20.276291689298382
736,0.0,120.3335412020125,0.0,2.96390740260577,204.31322457356964,3.426717035443339,19.9155345415376
737,0.0,100.0967714506971,0.0,1.6710262372214686,207.0486821426916,3.559774586999147,20.2367697513154
738,0.0,80.29070590753918,0.0,-2.1299040432217,205.00984378701548,2.189557503081218,19.806065543157928
739,0.0,60.11781658040667,0.0,8.596346411676294,207.47840569646652,4.421488609550657,20.172889327132506
740,0.0,39.656975592049655,0.0,3.2886659747878326,209.67743806501446,3.4784268661881583,20.460840988357013
741,789.5672920655134,19.865051950249647,0.0,104.82173166729379,200.62157605081825,5.127844528828753,30.22463157628664
742,779.7491406495852,0.0,0.0,99.13096765043821,2.0826548368805646,2.4463379976734245,9.818151415928073
743,769.9275612574604,0.0,0.0,99.91339828061844,7.2088087237543945,1.938462293843486,9.821579392124823
744,760.362867903839,0.0,0.0,96.51684760481685,5.290991054354748,2.9988639170480127,9.564693353621498
745,750.6618662901,0.0,0.0,97.63694775632736,5.736934276885606,8.947883968970423,9.701001613738981
746,740.6315462809877,0.0,0.0,103.286373327547,3.2720147591312667,2.096034754298735,10.030320009112284
747,730.387396246326,0.0,0.0,106.26983727316968,4.622611323023179,3.4386197978654565,10.244150034661686
748,720.9425132167033,0.0,0.0,94.6517032704144,4.216301107302037,5.216785044773395,9.44488302962269
749,710.9104288206885,0.0,0.0,102.84784002125488,2.264911793361513,2.62380400490742,10.032084396014852
750,700.716408051234,0.0,0.0,106.37965920477014,5.191215103026046,11.021069745508612,10.194020769454427
751,690.4709122547326,0.0,0.0,105.27332511720229,5.815395640829337,8.64566928189614,10.24549579650139
752,680.0196144862757,0.0,0.0,103.88800574644384,8.600252675790209,4.260149197255473,10.451297768456902
753,669.7689196173937,0.0,0.0,102.91043122325775,3.727829134880679,1.3428243199833503,10.250694868881952
754,659.5317381288431,0.0,0.0,100.00782558966063,3.9327396274643007,3.0826415042104713,10.237181488550648
755,649.4311349275683,0.0,0.0,97.72954566380665,3.5036505856096483,7.8844336532993395,10.100603201274783
756,639.0859103306891,0.0,0.0,105.79597066720503,9.151036068105483,5.663339158386698,10.345224596879204
757,629.5149324714131,0.0,0.0,97.28717228495695,3.9803671288430493,8.656343627620657,9.570977859276033
758,619.0475832017441,0.0,0.0,106.0369323544057,7.695364591418084,5.235649284168154,10.467349269668958
759,609.4121170556876,0.0,0.0,95.83294644433366,2.0972506808071003,4.107884831197261,9.635466146056473
760,599.7050751135507,0.0,0.0,100.11554050040937,1.9751166392494284,2.7839337706557856,9.707041942136959
761,589.7240294070162,0.0,0.0,104.94053030738752,3.8758626140780876,1.4865326320753667,9.981045706534443
762,579.9244646580912,0.0,0.0,99.64033576594372,2.757662788389375,4.820731576885784,9.799564748924992
763,569.7174821733046,0.0,0.0,104.28758235426777,2.4011772803701774,3.8601044357705447,10.206982484786618
